RuleID,CaseID,Artifact,EntryType,FileName,OSPath,Verified,AdditionalRuleIDs
DR-MFT-ARCH-001,COVERAGE-DR-MFT-ARCH-001,Amcache,File,WinRAR.exe,C:\Replay\WinRAR.exe,True,
DR-MFT-ARCH-002,COVERAGE-DR-MFT-ARCH-002,MFT,File,WinRAR.exe,C:\Users\,True,
DR-MFT-ARCH-003,COVERAGE-DR-MFT-ARCH-003,MFT,File,WinRAR.exe,C:\Windows\Temp\,True,
DR-MFT-TOOL-001,COVERAGE-DR-MFT-TOOL-001,MFT,File,ADCollector.exe,C:\Replay\ADCollector.exe,True,
DR-MFT-TOOL-002,COVERAGE-DR-MFT-TOOL-002,MFT,File,ADPassHunt.exe,C:\Replay\ADPassHunt.exe,True,
DR-MFT-TOOL-003,COVERAGE-DR-MFT-TOOL-003,MFT,File,PowerTool.exe,C:\Replay\PowerTool.exe,True,
DR-MFT-TOOL-004,COVERAGE-DR-MFT-TOOL-004,MFT,File,apollo.exe,C:\Replay\apollo.exe,True,
DR-MFT-TOOL-005,COVERAGE-DR-MFT-TOOL-005,MFT,File,certipy.exe,C:\Replay\certipy.exe,True,
DR-MFT-TOOL-006,COVERAGE-DR-MFT-TOOL-006,MFT,File,crackmapexec.exe,C:\Replay\crackmapexec.exe,True,
DR-MFT-TOOL-007,COVERAGE-DR-MFT-TOOL-007,MFT,File,DeadPotato.exe,C:\Replay\DeadPotato.exe,True,
DR-MFT-TOOL-008,COVERAGE-DR-MFT-TOOL-008,MFT,File,DefenderControl.exe,C:\Replay\DefenderControl.exe,True,DR-MFT-EVA-001
DR-MFT-TOOL-009,COVERAGE-DR-MFT-TOOL-009,MFT,File,Direct HTTP Tunnel.exe,C:\Replay\Direct HTTP Tunnel.exe,True,
DR-MFT-TOOL-010,COVERAGE-DR-MFT-TOOL-010,MFT,File,DomainPasswordSpray.ps1,C:\Replay\DomainPasswordSpray.ps1,True,
DR-MFT-TOOL-011,COVERAGE-DR-MFT-TOOL-011,MFT,File,dncat.exe,C:\Replay\dncat.exe,True,
DR-MFT-TOOL-012,COVERAGE-DR-MFT-TOOL-012,MFT,File,GadgetToJScript.exe,C:\Replay\GadgetToJScript.exe,True,
DR-MFT-TOOL-013,COVERAGE-DR-MFT-TOOL-013,MFT,File,GetShell.exe,C:\Replay\GetShell.exe,True,
DR-MFT-TOOL-014,COVERAGE-DR-MFT-TOOL-014,MFT,File,gobuster.exe,C:\Replay\gobuster.exe,True,
DR-MFT-TOOL-015,COVERAGE-DR-MFT-TOOL-015,MFT,File,hashcat.exe,C:\Replay\hashcat.exe,True,
DR-MFT-TOOL-016,COVERAGE-DR-MFT-TOOL-016,MFT,File,Intercepter-NG.exe,C:\Replay\Intercepter-NG.exe,True,
DR-MFT-TOOL-017,COVERAGE-DR-MFT-TOOL-017,MFT,File,Inveigh.exe,C:\Replay\Inveigh.exe,True,
DR-MFT-TOOL-018,COVERAGE-DR-MFT-TOOL-018,MFT,File,john.exe,C:\Replay\john.exe,True,
DR-MFT-TOOL-019,COVERAGE-DR-MFT-TOOL-019,MFT,File,msf.exe,C:\Replay\msf.exe,True,
DR-MFT-TOOL-020,COVERAGE-DR-MFT-TOOL-020,MFT,File,nuclei.exe,C:\Replay\nuclei.exe,True,
DR-MFT-TOOL-021,COVERAGE-DR-MFT-TOOL-021,MFT,File,nxc.exe,C:\Replay\nxc.exe,True,
DR-MFT-TOOL-022,COVERAGE-DR-MFT-TOOL-022,MFT,File,ophcrack.exe,C:\Replay\ophcrack.exe,True,
DR-MFT-TOOL-023,COVERAGE-DR-MFT-TOOL-023,MFT,File,powerline.exe,C:\Replay\powerline.exe,True,
DR-MFT-TOOL-024,COVERAGE-DR-MFT-TOOL-024,MFT,File,PSAttack.exe,C:\Replay\PSAttack.exe,True,
DR-MFT-TOOL-025,COVERAGE-DR-MFT-TOOL-025,MFT,File,cradle.py,C:\Replay\cradle.py,True,
DR-MFT-TOOL-026,COVERAGE-DR-MFT-TOOL-026,MFT,File,Quasar.exe,C:\Replay\Quasar.exe,True,
DR-MFT-TOOL-027,COVERAGE-DR-MFT-TOOL-027,MFT,File,RuralBishop.exe,C:\Replay\RuralBishop.exe,True,
DR-MFT-TOOL-028,COVERAGE-DR-MFT-TOOL-028,MFT,File,SafetyDump.exe,C:\Replay\SafetyDump.exe,True,
DR-MFT-TOOL-029,COVERAGE-DR-MFT-TOOL-029,MFT,File,SafetyKatz.exe,C:\Replay\SafetyKatz.exe,True,
DR-MFT-TOOL-030,COVERAGE-DR-MFT-TOOL-030,MFT,File,seatbelt.exe,C:\Replay\seatbelt.exe,True,
DR-MFT-TOOL-031,COVERAGE-DR-MFT-TOOL-031,MFT,File,sharpdump.exe,C:\Replay\sharpdump.exe,True,
DR-MFT-TOOL-032,COVERAGE-DR-MFT-TOOL-032,MFT,File,SharPersist.exe,C:\Replay\SharPersist.exe,True,
DR-MFT-TOOL-033,COVERAGE-DR-MFT-TOOL-033,MFT,File,SharpStomp.exe,C:\Replay\SharpStomp.exe,True,
DR-MFT-TOOL-034,COVERAGE-DR-MFT-TOOL-034,MFT,File,SharpUp.exe,C:\Replay\SharpUp.exe,True,
DR-MFT-TOOL-035,COVERAGE-DR-MFT-TOOL-035,MFT,File,SharpView.exe,C:\Replay\SharpView.exe,True,
DR-MFT-TOOL-036,COVERAGE-DR-MFT-TOOL-036,MFT,File,sharpwmi.exe,C:\Replay\sharpwmi.exe,True,
DR-MFT-TOOL-037,COVERAGE-DR-MFT-TOOL-037,MFT,File,SharpZeroLogon.exe,C:\Replay\SharpZeroLogon.exe,True,
DR-MFT-TOOL-038,COVERAGE-DR-MFT-TOOL-038,MFT,File,vulnrecon.exe,C:\Replay\vulnrecon.exe,True,
DR-MFT-XFER-001,COVERAGE-DR-MFT-XFER-001,MFT,File,OneDrive.exe,C:\Replay\OneDrive.exe,True,
DR-MFT-TOOL-039,COVERAGE-DR-MFT-TOOL-039,MFT,File,mimikatz.exe,C:\Replay\mimikatz.exe,True,
DR-MFT-CRED-001,COVERAGE-DR-MFT-CRED-001,MFT,File,AccountRestore.exe,C:\Replay\AccountRestore.exe,True,
DR-MFT-CRED-002,COVERAGE-DR-MFT-CRED-002,MFT,File,procdump.exe,C:\Replay\procdump.exe,True,
DR-MFT-CRED-003,COVERAGE-DR-MFT-CRED-003,MFT,File,fgdump.exe,C:\Replay\fgdump.exe,True,
DR-MFT-CRED-004,COVERAGE-DR-MFT-CRED-004,MFT,File,Potato.exe,C:\Replay\Potato.exe,True,
DR-MFT-CRED-005,COVERAGE-DR-MFT-CRED-005,MFT,File,PetitPotam.exe,C:\Replay\PetitPotam.exe,True,
DR-MFT-CRED-006,COVERAGE-DR-MFT-CRED-006,MFT,File,gosecretsdump_win_v0A3A1.exe,C:\Replay\gosecretsdump_win_v0A3A1.exe,True,
DR-MFT-CRYP-001,COVERAGE-DR-MFT-CRYP-001,MFT,File,WinRing0.sys,C:\Replay\WinRing0.sys,True,
DR-MFT-XFER-002,COVERAGE-DR-MFT-XFER-002,MFT,File,FreeFileSync.exe,C:\Replay\FreeFileSync.exe,True,
DR-MFT-XFER-003,COVERAGE-DR-MFT-XFER-003,MFT,File,filezilla.exe,C:\Replay\filezilla.exe,True,
DR-MFT-XFER-004,COVERAGE-DR-MFT-XFER-004,MFT,File,restic.exe,C:\Replay\restic.exe,True,
DR-MFT-XFER-005,COVERAGE-DR-MFT-XFER-005,MFT,File,plink.exe,C:\Replay\plink.exe,True,DR-MFT-RMM-256
DR-MFT-EVA-001,COVERAGE-DR-MFT-EVA-001,MFT,File,dControl.exe,C:\Replay\dControl.exe,True,DR-MFT-TOOL-008
DR-MFT-EVA-002,COVERAGE-DR-MFT-EVA-002,MFT,File,CleanWipe.exe,C:\Replay\CleanWipe.exe,True,
DR-MFT-EVA-003,COVERAGE-DR-MFT-EVA-003,MFT,File,EDRSilencer.exe,C:\Replay\EDRSilencer.exe,True,
DR-MFT-IMPA-001,COVERAGE-DR-MFT-IMPA-001,MFT,File,dcrypt.exe,C:\Replay\dcrypt.exe,True,
DR-MFT-DISC-001,COVERAGE-DR-MFT-DISC-001,MFT,File,ns.exe,C:\Replay\ns.exe,True,
DR-MFT-DISC-002,COVERAGE-DR-MFT-DISC-002,MFT,File,ADGet.exe,C:\Replay\ADGet.exe,True,
DR-MFT-DISC-003,COVERAGE-DR-MFT-DISC-003,MFT,File,BloodHound.exe,C:\Replay\BloodHound.exe,True,
DR-MFT-DISC-004,COVERAGE-DR-MFT-DISC-004,MFT,File,everything.exe,C:\Replay\everything.exe,True,
DR-MFT-DISC-005,COVERAGE-DR-MFT-DISC-005,MFT,File,ad_ous.txt,C:\Replay\ad_ous.txt,True,
DR-MFT-EXEC-001,COVERAGE-DR-MFT-EXEC-001,MFT,File,PAExec,C:\Windows\PAEXE,True,
DR-MFT-EXEC-002,COVERAGE-DR-MFT-EXEC-002,MFT,File,nircmd.exe,C:\Replay\nircmd.exe,True,
DR-MFT-EXEC-003,COVERAGE-DR-MFT-EXEC-003,MFT,File,NSudo.exe,C:\Replay\NSudo.exe,True,
DR-MFT-EXEC-004,COVERAGE-DR-MFT-EXEC-004,MFT,File,psexec.exe,C:\Replay\psexec.exe,True,DR-MFT-RMM-309
DR-MFT-EXEC-005,COVERAGE-DR-MFT-EXEC-005,MFT,File,LuciRoot.exe,C:\Replay\LuciRoot.exe,True,
DR-MFT-TOOL-040,COVERAGE-DR-MFT-TOOL-040,MFT,File,execute.bat,C:\WINDOWS\aaaaaaaa.bat,True,
DR-MFT-TOOL-041,COVERAGE-DR-MFT-TOOL-041,MFT,File,PowerScan.ps1,C:\Replay\PowerScan.ps1,True,
DR-MFT-TOOL-042,COVERAGE-DR-MFT-TOOL-042,MFT,File,PsMapExec.ps1,C:\Replay\PsMapExec.ps1,True,
DR-MFT-PRIV-001,COVERAGE-DR-MFT-PRIV-001,MFT,File,winPEAS.exe,C:\Replay\winPEAS.exe,True,
DR-MFT-PRIV-002,COVERAGE-DR-MFT-PRIV-002,MFT,File,KrbRelayUp.exe,C:\Replay\KrbRelayUp.exe,True,
DR-MFT-POL-001,COVERAGE-DR-MFT-POL-001,MFT,File,KMSPico.exe,C:\Replay\KMSPico.exe,True,
DR-MFT-DEV-001,COVERAGE-DR-MFT-DEV-001,MFT,File,devtunnel.exe,C:\Replay\devtunnel.exe,True,
DR-MFT-DEV-002,COVERAGE-DR-MFT-DEV-002,MFT,File,ngrok.exe,C:\Replay\ngrok.exe,True,DR-MFT-XFER-002|DR-MFT-RMM-349
DR-MFT-VPN-001,COVERAGE-DR-MFT-VPN-001,MFT,File,NordVPN.exe,C:\Replay\NordVPN.exe,True,
DR-MFT-MASQ-001,COVERAGE-DR-MFT-MASQ-001,MFT,File,svchost.exe,C:\Users\A\AppData\,True,DR-MFT-SLOC-003
DR-MFT-MASQ-002,COVERAGE-DR-MFT-MASQ-002,MFT,File,A.doc.exe,C:\Users\,True,
DR-MFT-CRED-007,COVERAGE-DR-MFT-CRED-007,MFT,File,ntds.dit,C:\Replay\ntds.dit,True,
DR-MFT-SLOC-001,COVERAGE-DR-MFT-SLOC-001,MFT,File,aaaaaaaaaaaaaaaa.exe,C:\Users\A\AppData\Local\aaaaaaaaaaaaaaaa\,True,
DR-MFT-SLOC-002,COVERAGE-DR-MFT-SLOC-002,MFT,File,.exe,C:\Users\A\AppData\Local\aaaaaaaa-aaaa-aaaa-aaaa-aaaaaaaaaaaa\,True,
DR-MFT-SLOC-003,COVERAGE-DR-MFT-SLOC-003,MFT,File,.exe,C:\Users\A\AppData\,True,
DR-MFT-PERS-001,COVERAGE-DR-MFT-PERS-001,MFT,File,.exe,C:\Users\A\AppData\Roaming\Microsoft\Windows\Start Menu\Programs\Startup\,True,
DR-MFT-PERS-002,COVERAGE-DR-MFT-PERS-002,MFT,File,.lnk,C:\Users\A\AppData\Roaming\Microsoft\Windows\Start Menu\Programs\Startup\,True,
DR-MFT-SLOC-004,COVERAGE-DR-MFT-SLOC-004,MFT,File,.exe,C:\$Recycle.Bin\,True,
DR-MFT-SFILE-001,COVERAGE-DR-MFT-SFILE-001,MFT,File,A.exe,C:\Replay\A.exe,True,
DR-MFT-SLOC-005,COVERAGE-DR-MFT-SLOC-005,MFT,File,.exe,C:\Users\Public\,True,
DR-MFT-SLOC-006,COVERAGE-DR-MFT-SLOC-006,MFT,File,.msi,C:\Users\Public\,True,
DR-MFT-SLOC-007,COVERAGE-DR-MFT-SLOC-007,MFT,File,.exe,C:\Users\A\AppData\Local\Temp\A,True,
DR-MFT-SLOC-008,COVERAGE-DR-MFT-SLOC-008,MFT,File,.msi,C:\Users\A\AppData\Local\Temp\A,True,
DR-MFT-SLOC-009,COVERAGE-DR-MFT-SLOC-009,MFT,File,.exe,C:\Users\A\AppData\Local\A,True,
DR-MFT-SLOC-010,COVERAGE-DR-MFT-SLOC-010,MFT,File,.msi,C:\Users\A\AppData\Local\A,True,
DR-MFT-SLOC-011,COVERAGE-DR-MFT-SLOC-011,MFT,File,.exe,C:\ProgramData\A,True,
DR-MFT-SLOC-012,COVERAGE-DR-MFT-SLOC-012,MFT,File,.msi,C:\ProgramData\A,True,
DR-MFT-SLOC-013,COVERAGE-DR-MFT-SLOC-013,MFT,File,.exe,C:\PerfLogs\,True,
DR-MFT-SLOC-014,COVERAGE-DR-MFT-SLOC-014,MFT,File,.msi,C:\PerfLogs\,True,
DR-MFT-WEB-001,COVERAGE-DR-MFT-WEB-001,MFT,File,BrowsingHistoryView.exe,C:\Replay\BrowsingHistoryView.exe,True,
DR-MFT-RMM-001,COVERAGE-DR-MFT-RMM-001,MFT,File,Remote Workforce Client.exe,C:\Replay\Remote Workforce Client.exe,True,DR-MFT-RMM-165
DR-MFT-RMM-002,COVERAGE-DR-MFT-RMM-002,MFT,File,ctes.exe,C:\Replay\ctes.exe,True,
DR-MFT-RMM-004,COVERAGE-DR-MFT-RMM-004,MFT,File,AcronisCyberProtectConnectAgent.exe,C:\Replay\AcronisCyberProtectConnectAgent.exe,True,
DR-MFT-RMM-006,COVERAGE-DR-MFT-RMM-006,MFT,File,ConnectAppSetup.exe,C:\Replay\ConnectAppSetup.exe,True,
DR-MFT-RMM-007,COVERAGE-DR-MFT-RMM-007,MFT,File,AeroAdmin.exe,C:\Replay\AeroAdmin.exe,True,
DR-MFT-RMM-008,COVERAGE-DR-MFT-RMM-008,MFT,File,alitask.exe,C:\Replay\alitask.exe,True,
DR-MFT-RMM-009,COVERAGE-DR-MFT-RMM-009,MFT,File,AlpemixService.exe,C:\Replay\AlpemixService.exe,True,
DR-MFT-RMM-220,COVERAGE-DR-MFT-RMM-220,MFT,File,AMMYY_Admin.exe,C:\Replay\AMMYY_Admin.exe,True,
DR-MFT-RMM-011,COVERAGE-DR-MFT-RMM-011,MFT,File,ManualLauncher.exe,C:\Replay\ManualLauncher.exe,True,
DR-MFT-RMM-013,COVERAGE-DR-MFT-RMM-013,MFT,File,apc_host.exe,C:\Replay\apc_host.exe,True,
DR-MFT-RMM-222,COVERAGE-DR-MFT-RMM-222,MFT,File,aspia_client.exe,C:\Replay\aspia_client.exe,True,
DR-MFT-RMM-015,COVERAGE-DR-MFT-RMM-015,MFT,File,AgentPackageNetworkDiscovery.exe,C:\Replay\AgentPackageNetworkDiscovery.exe,True,
DR-MFT-RMM-016,COVERAGE-DR-MFT-RMM-016,MFT,File,auvik.agent.exe,C:\Replay\auvik.agent.exe,True,
DR-MFT-RMM-017,COVERAGE-DR-MFT-RMM-017,MFT,File,AweSun.exe,C:\Replay\AweSun.exe,True,
DR-MFT-RMM-020,COVERAGE-DR-MFT-RMM-020,MFT,File,beamyourscreen-host.exe,C:\Replay\beamyourscreen-host.exe,True,
DR-MFT-RMM-226,COVERAGE-DR-MFT-RMM-226,MFT,File,BASupAppElev.exe,C:\Replay\BASupAppElev.exe,True,
DR-MFT-RMM-022,COVERAGE-DR-MFT-RMM-022,MFT,File,Beinsync.exe,C:\Replay\Beinsync.exe,True,
DR-MFT-RMM-023,COVERAGE-DR-MFT-RMM-023,MFT,File,bomgar-pac-.exe,C:\Replay\bomgar-pac-.exe,True,
DR-MFT-RMM-024,COVERAGE-DR-MFT-RMM-024,MFT,File,BvSshClient-Inst.exe,C:\Replay\BvSshClient-Inst.exe,True,
DR-MFT-RMM-228,COVERAGE-DR-MFT-RMM-228,MFT,File,BvSshServer-Inst.exe,C:\Replay\BvSshServer-Inst.exe,True,
DR-MFT-RMM-026,COVERAGE-DR-MFT-RMM-026,MFT,File,AEMAgent.exe,C:\Replay\AEMAgent.exe,True,
DR-MFT-RMM-027,COVERAGE-DR-MFT-RMM-027,MFT,File,ctiserv.exe,C:\Replay\ctiserv.exe,True,
DR-MFT-RMM-028,COVERAGE-DR-MFT-RMM-028,MFT,File,remoting_host.exe,C:\Replay\remoting_host.exe,True,
DR-MFT-RMM-029,COVERAGE-DR-MFT-RMM-029,MFT,File,cloudflared.exe,C:\Replay\cloudflared.exe,True,
DR-MFT-RMM-232,COVERAGE-DR-MFT-RMM-232,MFT,File,itsmagent.exe,C:\Replay\itsmagent.exe,True,DR-MFT-RMM-078
DR-MFT-RMM-031,COVERAGE-DR-MFT-RMM-031,MFT,File,ltsvc.exe,C:\Replay\ltsvc.exe,True,DR-MFT-RMM-274|DR-MFT-RMM-275
DR-MFT-RMM-032,COVERAGE-DR-MFT-RMM-032,MFT,File,connectwisechat-customer.exe,C:\Replay\connectwisechat-customer.exe,True,DR-MFT-RMM-165
DR-MFT-RMM-234,COVERAGE-DR-MFT-RMM-234,MFT,File,bbl.exe,C:\Replay\bbl.exe,True,
DR-MFT-RMM-353,COVERAGE-DR-MFT-RMM-353,MFT,File,ControlR.Agent.exe,C:\Replay\ControlR.Agent.exe,True,
DR-MFT-RMM-033,COVERAGE-DR-MFT-RMM-033,MFT,File,CrossLoopConnect.exe,C:\Replay\CrossLoopConnect.exe,True,
DR-MFT-RMM-034,COVERAGE-DR-MFT-RMM-034,MFT,File,PCIVIDEO.EXE,C:\Replay\PCIVIDEO.EXE,True,
DR-MFT-RMM-036,COVERAGE-DR-MFT-RMM-036,MFT,File,dwrcst.exe,C:\Replay\dwrcst.exe,True,
DR-MFT-RMM-037,COVERAGE-DR-MFT-RMM-037,MFT,File,ultimate_.exe,C:\Replay\ultimate_.exe,True,
DR-MFT-RMM-038,COVERAGE-DR-MFT-RMM-038,MFT,File,DSGuest.exe,C:\Replay\DSGuest.exe,True,
DR-MFT-RMM-039,COVERAGE-DR-MFT-RMM-039,MFT,File,desktopnow.exe,C:\Replay\desktopnow.exe,True,
DR-MFT-RMM-239,COVERAGE-DR-MFT-RMM-239,MFT,File,RemoteDesktopManager.exe,C:\Replay\RemoteDesktopManager.exe,True,
DR-MFT-RMM-040,COVERAGE-DR-MFT-RMM-040,MFT,File,ddsystem.exe,C:\Replay\ddsystem.exe,True,
DR-MFT-RMM-041,COVERAGE-DR-MFT-RMM-041,MFT,File,Domotz Pro Desktop App Setup.exe,C:\Replay\Domotz Pro Desktop App Setup.exe,True,
DR-MFT-RMM-042,COVERAGE-DR-MFT-RMM-042,MFT,File,DragonDisk.exe,C:\Replay\DragonDisk.exe,True,
DR-MFT-RMM-240,COVERAGE-DR-MFT-RMM-240,MFT,File,DuetDisp.exe,C:\Replay\DuetDisp.exe,True,
DR-MFT-RMM-043,COVERAGE-DR-MFT-RMM-043,MFT,File,Duplicati.Server.exe,C:\Replay\Duplicati.Server.exe,True,
DR-MFT-RMM-044,COVERAGE-DR-MFT-RMM-044,MFT,File,dwagent.exe,C:\Replay\dwagent.exe,True,
DR-MFT-RMM-045,COVERAGE-DR-MFT-RMM-045,MFT,File,echoserver.exe,C:\Replay\echoserver.exe,True,
DR-MFT-RMM-046,COVERAGE-DR-MFT-RMM-046,MFT,File,ehorus standalone.exe,C:\Replay\ehorus standalone.exe,True,DR-MFT-RMM-120
DR-MFT-RMM-048,COVERAGE-DR-MFT-RMM-048,MFT,File,remoteconsole.exe,C:\Replay\remoteconsole.exe,True,
DR-MFT-RMM-243,COVERAGE-DR-MFT-RMM-243,MFT,File,accessserver.exe,C:\Replay\accessserver.exe,True,
DR-MFT-RMM-244,COVERAGE-DR-MFT-RMM-244,MFT,File,EricomConnectRemoteHost.exe,C:\Replay\EricomConnectRemoteHost.exe,True,
DR-MFT-RMM-245,COVERAGE-DR-MFT-RMM-245,MFT,File,ERAAgent.exe,C:\Replay\ERAAgent.exe,True,
DR-MFT-RMM-053,COVERAGE-DR-MFT-RMM-053,MFT,File,ExtraPuTTY-0.30-2016-01-28-installer.exe,C:\Replay\ExtraPuTTY-0.30-2016-01-28-installer.exe,True,
DR-MFT-RMM-054,COVERAGE-DR-MFT-RMM-054,MFT,File,ezHelpManager.exe,C:\Replay\ezHelpManager.exe,True,DR-MFT-RMM-245
DR-MFT-RMM-246,COVERAGE-DR-MFT-RMM-246,MFT,File,CoreAgentService.exe,C:\Replay\CoreAgentService.exe,True,
DR-MFT-RMM-247,COVERAGE-DR-MFT-RMM-247,MFT,File,DFC.exe,C:\Replay\DFC.exe,True,
DR-MFT-RMM-248,COVERAGE-DR-MFT-RMM-248,MFT,File,FRCServer.exe,C:\Replay\FRCServer.exe,True,
DR-MFT-RMM-249,COVERAGE-DR-MFT-RMM-249,MFT,File,FIStudentAgent.exe,C:\Replay\FIStudentAgent.exe,True,
DR-MFT-RMM-055,COVERAGE-DR-MFT-RMM-055,MFT,File,FastViewer.exe,C:\Replay\FastViewer.exe,True,
DR-MFT-RMM-250,COVERAGE-DR-MFT-RMM-250,MFT,File,FixMeit Client.exe,C:\Replay\FixMeit Client.exe,True,
DR-MFT-RMM-251,COVERAGE-DR-MFT-RMM-251,MFT,File,fleetdeck_agent.exe,C:\Replay\fleetdeck_agent.exe,True,
DR-MFT-RMM-059,COVERAGE-DR-MFT-RMM-059,MFT,File,nxplayer.exe,C:\Replay\nxplayer.exe,True,
DR-MFT-RMM-256,COVERAGE-DR-MFT-RMM-256,MFT,File,FSAgentAutoUpdate.exe,C:\Replay\FSAgentAutoUpdate.exe,True,
DR-MFT-RMM-061,COVERAGE-DR-MFT-RMM-061,MFT,File,getscreen-x86.exe,C:\Replay\getscreen-x86.exe,True,
DR-MFT-RMM-062,COVERAGE-DR-MFT-RMM-062,MFT,File,GoTo Assist Opener.exe,C:\Replay\GoTo Assist Opener.exe,True,
DR-MFT-RMM-260,COVERAGE-DR-MFT-RMM-260,MFT,File,GoToResolveExternalModuleHandler.exe,C:\Replay\GoToResolveExternalModuleHandler.exe,True,
DR-MFT-RMM-063,COVERAGE-DR-MFT-RMM-063,MFT,File,G2RDesktopConsole-x64.msi,C:\Replay\G2RDesktopConsole-x64.msi,True,
DR-MFT-RMM-064,COVERAGE-DR-MFT-RMM-064,MFT,File,GotoHTTP.exe,C:\Replay\GotoHTTP.exe,True,
DR-MFT-RMM-261,COVERAGE-DR-MFT-RMM-261,MFT,File,G2M.exe,C:\Replay\G2M.exe,True,
DR-MFT-RMM-067,COVERAGE-DR-MFT-RMM-067,MFT,File,GovSrv.exe,C:\Replay\GovSrv.exe,True,
DR-MFT-RMM-068,COVERAGE-DR-MFT-RMM-068,MFT,File,guacd.exe,C:\Replay\guacd.exe,True,
DR-MFT-RMM-262,COVERAGE-DR-MFT-RMM-262,MFT,File,agent-installer-any.exe,C:\Replay\agent-installer-any.exe,True,
DR-MFT-RMM-069,COVERAGE-DR-MFT-RMM-069,MFT,File,helpbeam.exe,C:\Replay\helpbeam.exe,True,
DR-MFT-RMM-070,COVERAGE-DR-MFT-RMM-070,MFT,File,HelpuManager.exe,C:\Replay\HelpuManager.exe,True,
DR-MFT-RMM-263,COVERAGE-DR-MFT-RMM-263,MFT,File,HelpWire Quick.exe,C:\Replay\HelpWire Quick.exe,True,
DR-MFT-RMM-264,COVERAGE-DR-MFT-RMM-264,MFT,File,HopToDesk.exe,C:\Replay\HopToDesk.exe,True,
DR-MFT-RMM-265,COVERAGE-DR-MFT-RMM-265,MFT,File,I'm InTouch Go Installer.exe,C:\Replay\I'm InTouch Go Installer.exe,True,
DR-MFT-RMM-266,COVERAGE-DR-MFT-RMM-266,MFT,File,IDriveWinSetup.exe,C:\Replay\IDriveWinSetup.exe,True,
DR-MFT-RMM-267,COVERAGE-DR-MFT-RMM-267,MFT,File,ImmyAgent.exe,C:\Replay\ImmyAgent.exe,True,
DR-MFT-RMM-072,COVERAGE-DR-MFT-RMM-072,MFT,File,ImperoClientSVC.exe,C:\Replay\ImperoClientSVC.exe,True,DR-MFT-RMM-296
DR-MFT-RMM-073,COVERAGE-DR-MFT-RMM-073,MFT,File,hsloader.exe,C:\Replay\hsloader.exe,True,
DR-MFT-RMM-074,COVERAGE-DR-MFT-RMM-074,MFT,File,Insync.exe,C:\Replay\Insync.exe,True,
DR-MFT-RMM-075,COVERAGE-DR-MFT-RMM-075,MFT,File,agent32.exe,C:\Replay\agent32.exe,True,
DR-MFT-RMM-268,COVERAGE-DR-MFT-RMM-268,MFT,File,DepHlp.exe,C:\Replay\DepHlp.exe,True,
DR-MFT-RMM-076,COVERAGE-DR-MFT-RMM-076,MFT,File,iperius.exe,C:\Replay\iperius.exe,True,
DR-MFT-RMM-269,COVERAGE-DR-MFT-RMM-269,MFT,File,islalwaysonmonitor.exe,C:\Replay\islalwaysonmonitor.exe,True,DR-MFT-RMM-077
DR-MFT-RMM-077,COVERAGE-DR-MFT-RMM-077,MFT,File,ISLLight.exe,C:\Replay\ISLLight.exe,True,DR-MFT-RMM-269
DR-MFT-RMM-078,COVERAGE-DR-MFT-RMM-078,MFT,File,ComodoRemoteControl.exe,C:\Replay\ComodoRemoteControl.exe,True,
DR-MFT-RMM-079,COVERAGE-DR-MFT-RMM-079,MFT,File,saazapsc.exe,C:\Replay\saazapsc.exe,True,
DR-MFT-RMM-080,COVERAGE-DR-MFT-RMM-080,MFT,File,AgentlessRC.exe,C:\Replay\AgentlessRC.exe,True,
DR-MFT-RMM-081,COVERAGE-DR-MFT-RMM-081,MFT,File,JumpCloud.exe,C:\Replay\JumpCloud.exe,True,
DR-MFT-RMM-082,COVERAGE-DR-MFT-RMM-082,MFT,File,jumpclient.exe,C:\Replay\jumpclient.exe,True,
DR-MFT-RMM-084,COVERAGE-DR-MFT-RMM-084,MFT,File,Kabuto.App.Runner.exe,C:\Replay\Kabuto.App.Runner.exe,True,DR-MFT-RMM-185
DR-MFT-RMM-271,COVERAGE-DR-MFT-RMM-271,MFT,File,KHelpDesk.exe,C:\Replay\KHelpDesk.exe,True,
DR-MFT-RMM-086,COVERAGE-DR-MFT-RMM-086,MFT,File,grabberTT.msi,C:\Replay\grabberTT.msi,True,
DR-MFT-RMM-087,COVERAGE-DR-MFT-RMM-087,MFT,File,kitty.exe,C:\Replay\kitty.exe,True,
DR-MFT-RMM-274,COVERAGE-DR-MFT-RMM-274,MFT,File,ltsvc.exe,C:\Replay\ltsvc.exe,True,DR-MFT-RMM-031|DR-MFT-RMM-275
DR-MFT-RMM-275,COVERAGE-DR-MFT-RMM-275,MFT,File,ltsvc.exe,C:\Replay\ltsvc.exe,True,DR-MFT-RMM-031|DR-MFT-RMM-274
DR-MFT-RMM-088,COVERAGE-DR-MFT-RMM-088,MFT,File,issuser.exe,C:\Replay\issuser.exe,True,
DR-MFT-RMM-089,COVERAGE-DR-MFT-RMM-089,MFT,File,OOSysAgent.exe,C:\Replay\OOSysAgent.exe,True,
DR-MFT-RMM-090,COVERAGE-DR-MFT-RMM-090,MFT,File,laplink.exe,C:\Replay\laplink.exe,True,DR-MFT-RMM-089
DR-MFT-RMM-276,COVERAGE-DR-MFT-RMM-276,MFT,File,level-remote-control-ffmpeg.exe,C:\Replay\level-remote-control-ffmpeg.exe,True,DR-MFT-RMM-091
DR-MFT-RMM-092,COVERAGE-DR-MFT-RMM-092,MFT,File,LMNoIpServer.exe,C:\Replay\LMNoIpServer.exe,True,
DR-MFT-RMM-278,COVERAGE-DR-MFT-RMM-278,MFT,File,loclx.exe,C:\Replay\loclx.exe,True,
DR-MFT-RMM-094,COVERAGE-DR-MFT-RMM-094,MFT,File,lmi_rescue.exe,C:\Replay\lmi_rescue.exe,True,
DR-MFT-RMM-280,COVERAGE-DR-MFT-RMM-280,MFT,File,LunixarRemote.dll,C:\Replay\LunixarRemote.dll,True,
DR-MFT-RMM-095,COVERAGE-DR-MFT-RMM-095,MFT,File,dcagentregister.exe,C:\Replay\dcagentregister.exe,True,
DR-MFT-RMM-281,COVERAGE-DR-MFT-RMM-281,MFT,File,dcagentservice.exe,C:\Replay\dcagentservice.exe,True,DR-MFT-RMM-095
DR-MFT-RMM-283,COVERAGE-DR-MFT-RMM-283,MFT,File,ManageEngine_ServiceDesk_Plus.exe,C:\Replay\ManageEngine_ServiceDesk_Plus.exe,True,
DR-MFT-RMM-096,COVERAGE-DR-MFT-RMM-096,MFT,File,MEGAsyncSetup64.exe,C:\Replay\MEGAsyncSetup64.exe,True,
DR-MFT-RMM-097,COVERAGE-DR-MFT-RMM-097,MFT,File,meshagent.exe,C:\Replay\meshagent.exe,True,
DR-MFT-RMM-100,COVERAGE-DR-MFT-RMM-100,MFT,File,Mikogo-Screen-Service.exe,C:\Replay\Mikogo-Screen-Service.exe,True,
DR-MFT-RMM-101,COVERAGE-DR-MFT-RMM-101,MFT,File,mionet.exe,C:\Replay\mionet.exe,True,DR-MFT-RMM-284
DR-MFT-RMM-284,COVERAGE-DR-MFT-RMM-284,MFT,File,mionet.exe,C:\Replay\mionet.exe,True,DR-MFT-RMM-101
DR-MFT-RMM-102,COVERAGE-DR-MFT-RMM-102,MFT,File,MobaXterm_installer_.msi,C:\Replay\MobaXterm_installer_.msi,True,
DR-MFT-RMM-103,COVERAGE-DR-MFT-RMM-103,MFT,File,mRemoteNG.exe,C:\Replay\mRemoteNG.exe,True,
DR-MFT-RMM-104,COVERAGE-DR-MFT-RMM-104,MFT,File,CBBackupPlan.exe,C:\Replay\CBBackupPlan.exe,True,
DR-MFT-RMM-105,COVERAGE-DR-MFT-RMM-105,MFT,File,mygreenpc.exe,C:\Replay\mygreenpc.exe,True,
DR-MFT-RMM-106,COVERAGE-DR-MFT-RMM-106,MFT,File,myivomanager.exe,C:\Replay\myivomanager.exe,True,
DR-MFT-RMM-108,COVERAGE-DR-MFT-RMM-108,MFT,File,Agent__RW.exe,C:\Replay\Agent__RW.exe,True,
DR-MFT-RMM-107,COVERAGE-DR-MFT-RMM-107,MFT,File,AgentSetup-.exe,C:\Replay\AgentSetup-.exe,True,
DR-MFT-RMM-293,COVERAGE-DR-MFT-RMM-293,MFT,File,netbird-ui.exe,C:\Replay\netbird-ui.exe,True,
DR-MFT-RMM-294,COVERAGE-DR-MFT-RMM-294,MFT,File,NetLock_RMM_User_Process.exe,C:\Replay\NetLock_RMM_User_Process.exe,True,
DR-MFT-RMM-110,COVERAGE-DR-MFT-RMM-110,MFT,File,nhostsvc.exe,C:\Replay\nhostsvc.exe,True,DR-MFT-RMM-296
DR-MFT-RMM-296,COVERAGE-DR-MFT-RMM-296,MFT,File,Connect.Backdrop.cloud.exe,C:\Replay\Connect.Backdrop.cloud.exe,True,
DR-MFT-RMM-111,COVERAGE-DR-MFT-RMM-111,MFT,File,client32.exe,C:\Replay\client32.exe,True,
DR-MFT-RMM-112,COVERAGE-DR-MFT-RMM-112,MFT,File,neturo.exe,C:\Replay\neturo.exe,True,
DR-MFT-RMM-113,COVERAGE-DR-MFT-RMM-113,MFT,File,netviewer.exe,C:\Replay\netviewer.exe,True,DR-MFT-RMM-298
DR-MFT-RMM-298,COVERAGE-DR-MFT-RMM-298,MFT,File,NetViewer.exe,C:\Replay\NetViewer.exe,True,DR-MFT-RMM-113
DR-MFT-RMM-299,COVERAGE-DR-MFT-RMM-299,MFT,File,nezha-agent.exe,C:\Replay\nezha-agent.exe,True,
DR-MFT-RMM-349,COVERAGE-DR-MFT-RMM-349,MFT,File,ngrok.exe,C:\Replay\ngrok.exe,True,DR-MFT-XFER-002|DR-MFT-DEV-002
DR-MFT-RMM-300,COVERAGE-DR-MFT-RMM-300,MFT,File,NiniteAgent.exe,C:\Replay\NiniteAgent.exe,True,
DR-MFT-RMM-114,COVERAGE-DR-MFT-RMM-114,MFT,File,NinjaRMMAgentPatcher.exe,C:\Replay\NinjaRMMAgentPatcher.exe,True,
DR-MFT-RMM-115,COVERAGE-DR-MFT-RMM-115,MFT,File,nomachine.exe,C:\Replay\nomachine.exe,True,
DR-MFT-RMM-303,COVERAGE-DR-MFT-RMM-303,MFT,File,nateon.exe,C:\Replay\nateon.exe,True,
DR-MFT-RMM-116,COVERAGE-DR-MFT-RMM-116,MFT,File,NTRsupportPro_EN.exe,C:\Replay\NTRsupportPro_EN.exe,True,
DR-MFT-RMM-304,COVERAGE-DR-MFT-RMM-304,MFT,File,nvda.exe,C:\Replay\nvda.exe,True,
DR-MFT-RMM-117,COVERAGE-DR-MFT-RMM-117,MFT,File,ocsinventory.exe,C:\Replay\ocsinventory.exe,True,
DR-MFT-RMM-118,COVERAGE-DR-MFT-RMM-118,MFT,File,onionshare.exe,C:\Replay\onionshare.exe,True,
DR-MFT-RMM-119,COVERAGE-DR-MFT-RMM-119,MFT,File,OTPowerShell.exe,C:\Replay\OTPowerShell.exe,True,
DR-MFT-RMM-120,COVERAGE-DR-MFT-RMM-120,MFT,File,ehorus standalone.exe,C:\Replay\ehorus standalone.exe,True,DR-MFT-RMM-046
DR-MFT-RMM-122,COVERAGE-DR-MFT-RMM-122,MFT,File,p9agent.exe,C:\Replay\p9agent.exe,True,
DR-MFT-RMM-123,COVERAGE-DR-MFT-RMM-123,MFT,File,TSClient.exe,C:\Replay\TSClient.exe,True,
DR-MFT-RMM-305,COVERAGE-DR-MFT-RMM-305,MFT,File,parsecd.exe,C:\Replay\parsecd.exe,True,
DR-MFT-RMM-125,COVERAGE-DR-MFT-RMM-125,MFT,File,awhost32.exe,C:\Replay\awhost32.exe,True,
DR-MFT-RMM-306,COVERAGE-DR-MFT-RMM-306,MFT,File,PcHelpWare_viewer.exe,C:\Replay\PcHelpWare_viewer.exe,True,
DR-MFT-RMM-126,COVERAGE-DR-MFT-RMM-126,MFT,File,mwcliun.exe,C:\Replay\mwcliun.exe,True,
DR-MFT-RMM-127,COVERAGE-DR-MFT-RMM-127,MFT,File,pcvisit-easysupport.exe,C:\Replay\pcvisit-easysupport.exe,True,
DR-MFT-RMM-128,COVERAGE-DR-MFT-RMM-128,MFT,File,PDQConnectUpdater-.msi,C:\Replay\PDQConnectUpdater-.msi,True,
DR-MFT-RMM-129,COVERAGE-DR-MFT-RMM-129,MFT,File,Pilixo_Installer.exe,C:\Replay\Pilixo_Installer.exe,True,
DR-MFT-RMM-130,COVERAGE-DR-MFT-RMM-130,MFT,File,pocketcloud.exe,C:\Replay\pocketcloud.exe,True,
DR-MFT-RMM-131,COVERAGE-DR-MFT-RMM-131,MFT,File,pocketcloudservice.exe,C:\Replay\pocketcloudservice.exe,True,DR-MFT-RMM-130
DR-MFT-RMM-308,COVERAGE-DR-MFT-RMM-308,MFT,File,XSightService.exe,C:\Replay\XSightService.exe,True,
DR-MFT-RMM-309,COVERAGE-DR-MFT-RMM-309,MFT,File,psexec64.exe,C:\Replay\psexec64.exe,True,DR-MFT-EXEC-004
DR-MFT-RMM-132,COVERAGE-DR-MFT-RMM-132,MFT,File,PAExec-.exe,C:\Replay\PAExec-.exe,True,
DR-MFT-RMM-133,COVERAGE-DR-MFT-RMM-133,MFT,File,PCMonitorManager.exe,C:\Replay\PCMonitorManager.exe,True,
DR-MFT-RMM-310,COVERAGE-DR-MFT-RMM-310,MFT,File,putty.exe,C:\Replay\putty.exe,True,
DR-MFT-RMM-134,COVERAGE-DR-MFT-RMM-134,MFT,File,puttytray.exe,C:\Replay\puttytray.exe,True,
DR-MFT-RMM-135,COVERAGE-DR-MFT-RMM-135,MFT,File,QQProtect.exe,C:\Replay\QQProtect.exe,True,
DR-MFT-RMM-136,COVERAGE-DR-MFT-RMM-136,MFT,File,konea.exe,C:\Replay\konea.exe,True,
DR-MFT-RMM-137,COVERAGE-DR-MFT-RMM-137,MFT,File,Radmin.exe,C:\Replay\Radmin.exe,True,
DR-MFT-RMM-312,COVERAGE-DR-MFT-RMM-312,MFT,File,ir_agent.exe,C:\Replay\ir_agent.exe,True,
DR-MFT-RMM-313,COVERAGE-DR-MFT-RMM-313,MFT,File,RdClientInstaller.exe,C:\Replay\RdClientInstaller.exe,True,
DR-MFT-RMM-314,COVERAGE-DR-MFT-RMM-314,MFT,File,RDCMan-x86.exe,C:\Replay\RDCMan-x86.exe,True,
DR-MFT-RMM-138,COVERAGE-DR-MFT-RMM-138,MFT,File,tdp2tcp.exe,C:\Replay\tdp2tcp.exe,True,
DR-MFT-RMM-140,COVERAGE-DR-MFT-RMM-140,MFT,File,RDPCheck.exe,C:\Replay\RDPCheck.exe,True,
DR-MFT-RMM-144,COVERAGE-DR-MFT-RMM-144,MFT,File,remcos.exe,C:\Replay\remcos.exe,True,
DR-MFT-RMM-317,COVERAGE-DR-MFT-RMM-317,MFT,File,remmon.exe,C:\Replay\remmon.exe,True,
DR-MFT-RMM-145,COVERAGE-DR-MFT-RMM-145,MFT,File,remobo.exe,C:\Replay\remobo.exe,True,
DR-MFT-RMM-146,COVERAGE-DR-MFT-RMM-146,MFT,File,rdp.exe,C:\Replay\rdp.exe,True,DR-MFT-RMM-129
DR-MFT-RMM-148,COVERAGE-DR-MFT-RMM-148,MFT,File,rfusclient.exe,C:\Replay\rfusclient.exe,True,
DR-MFT-RMM-320,COVERAGE-DR-MFT-RMM-320,MFT,File,RemoteRipple.exe,C:\Replay\RemoteRipple.exe,True,
DR-MFT-RMM-318,COVERAGE-DR-MFT-RMM-318,MFT,File,remote-it-installer.exe,C:\Replay\remote-it-installer.exe,True,
DR-MFT-RMM-150,COVERAGE-DR-MFT-RMM-150,MFT,File,agentu.exe,C:\Replay\agentu.exe,True,
DR-MFT-RMM-321,COVERAGE-DR-MFT-RMM-321,MFT,File,Remotely_Desktop.exe,C:\Replay\Remotely_Desktop.exe,True,
DR-MFT-RMM-151,COVERAGE-DR-MFT-RMM-151,MFT,File,remotepass-access.exe,C:\Replay\remotepass-access.exe,True,
DR-MFT-RMM-152,COVERAGE-DR-MFT-RMM-152,MFT,File,RemotePCService.exe,C:\Replay\RemotePCService.exe,True,
DR-MFT-RMM-322,COVERAGE-DR-MFT-RMM-322,MFT,File,InstallCore.exe,C:\Replay\InstallCore.exe,True,
DR-MFT-RMM-149,COVERAGE-DR-MFT-RMM-149,MFT,File,rutserv.exe,C:\Replay\rutserv.exe,True,DR-MFT-RMM-148
DR-MFT-RMM-153,COVERAGE-DR-MFT-RMM-153,MFT,File,remoteview.exe,C:\Replay\remoteview.exe,True,
DR-MFT-RMM-154,COVERAGE-DR-MFT-RMM-154,MFT,File,wisshell.exe,C:\Replay\wisshell.exe,True,
DR-MFT-RMM-155,COVERAGE-DR-MFT-RMM-155,MFT,File,RDConsole.exe,C:\Replay\RDConsole.exe,True,
DR-MFT-RMM-325,COVERAGE-DR-MFT-RMM-325,MFT,File,RodexAgent.exe,C:\Replay\RodexAgent.exe,True,
DR-MFT-RMM-156,COVERAGE-DR-MFT-RMM-156,MFT,File,royalserver.exe,C:\Replay\royalserver.exe,True,
DR-MFT-RMM-158,COVERAGE-DR-MFT-RMM-158,MFT,File,royalts.exe,C:\Replay\royalts.exe,True,DR-MFT-RMM-156
DR-MFT-RMM-159,COVERAGE-DR-MFT-RMM-159,MFT,File,rport.exe,C:\Replay\rport.exe,True,
DR-MFT-RMM-161,COVERAGE-DR-MFT-RMM-161,MFT,File,rudesktop.exe,C:\Replay\rudesktop.exe,True,
DR-MFT-RMM-163,COVERAGE-DR-MFT-RMM-163,MFT,File,rustdesk.exe,C:\Replay\rustdesk.exe,True,
DR-MFT-RMM-164,COVERAGE-DR-MFT-RMM-164,MFT,File,s3browser.exe,C:\Replay\s3browser.exe,True,
DR-MFT-RMM-165,COVERAGE-DR-MFT-RMM-165,MFT,File,ScreenConnect.ClientService.exe,C:\Replay\ScreenConnect.ClientService.exe,True,
DR-MFT-RMM-166,COVERAGE-DR-MFT-RMM-166,MFT,File,ScreenMeetSupport.exe,C:\Replay\ScreenMeetSupport.exe,True,
DR-MFT-RMM-167,COVERAGE-DR-MFT-RMM-167,MFT,File,SecureCRT.EXE,C:\Replay\SecureCRT.EXE,True,
DR-MFT-RMM-168,COVERAGE-DR-MFT-RMM-168,MFT,File,seetrolcenter.exe,C:\Replay\seetrolcenter.exe,True,
DR-MFT-RMM-169,COVERAGE-DR-MFT-RMM-169,MFT,File,SensoClient.exe,C:\Replay\SensoClient.exe,True,
DR-MFT-RMM-170,COVERAGE-DR-MFT-RMM-170,MFT,File,ServiceProxyLocalSys.exe,C:\Replay\ServiceProxyLocalSys.exe,True,
DR-MFT-RMM-172,COVERAGE-DR-MFT-RMM-172,MFT,File,SMPCSetup.exe,C:\Replay\SMPCSetup.exe,True,
DR-MFT-RMM-173,COVERAGE-DR-MFT-RMM-173,MFT,File,remote access.exe,C:\Replay\remote access.exe,True,
DR-MFT-RMM-174,COVERAGE-DR-MFT-RMM-174,MFT,File,MEAgentHelper.exe,C:\Replay\MEAgentHelper.exe,True,
DR-MFT-RMM-171,COVERAGE-DR-MFT-RMM-171,MFT,File,DeskRollUA.exe,C:\Replay\DeskRollUA.exe,True,
DR-MFT-RMM-176,COVERAGE-DR-MFT-RMM-176,MFT,File,SmarTTY.exe,C:\Replay\SmarTTY.exe,True,
DR-MFT-RMM-177,COVERAGE-DR-MFT-RMM-177,MFT,File,Solar-PuTTY.exe,C:\Replay\Solar-PuTTY.exe,True,
DR-MFT-RMM-330,COVERAGE-DR-MFT-RMM-330,MFT,File,clientmrinit.exe,C:\Replay\clientmrinit.exe,True,
DR-MFT-RMM-178,COVERAGE-DR-MFT-RMM-178,MFT,File,Sorillus Launcher.exe,C:\Replay\Sorillus Launcher.exe,True,
DR-MFT-RMM-331,COVERAGE-DR-MFT-RMM-331,MFT,File,strwinclt.exe,C:\Replay\strwinclt.exe,True,DR-MFT-RMM-179
DR-MFT-RMM-332,COVERAGE-DR-MFT-RMM-332,MFT,File,SRManager.exe,C:\Replay\SRManager.exe,True,DR-MFT-RMM-179
DR-MFT-RMM-179,COVERAGE-DR-MFT-RMM-179,MFT,File,SplashtopSOS.exe,C:\Replay\SplashtopSOS.exe,True,DR-MFT-RMM-332
DR-MFT-RMM-180,COVERAGE-DR-MFT-RMM-180,MFT,File,sysdiag.exe,C:\Replay\sysdiag.exe,True,
DR-MFT-RMM-181,COVERAGE-DR-MFT-RMM-181,MFT,File,OrayRemoteService.exe,C:\Replay\OrayRemoteService.exe,True,
DR-MFT-RMM-182,COVERAGE-DR-MFT-RMM-182,MFT,File,superops.exe,C:\Replay\superops.exe,True,
DR-MFT-RMM-183,COVERAGE-DR-MFT-RMM-183,MFT,File,superputty.exe,C:\Replay\superputty.exe,True,
DR-MFT-RMM-184,COVERAGE-DR-MFT-RMM-184,MFT,File,supremosystem.exe,C:\Replay\supremosystem.exe,True,
DR-MFT-RMM-185,COVERAGE-DR-MFT-RMM-185,MFT,File,KabutoSetup.exe,C:\Replay\KabutoSetup.exe,True,
DR-MFT-RMM-186,COVERAGE-DR-MFT-RMM-186,MFT,File,Syncthing.exe,C:\Replay\Syncthing.exe,True,
DR-MFT-RMM-187,COVERAGE-DR-MFT-RMM-187,MFT,File,IliAS.exe,C:\Replay\IliAS.exe,True,
DR-MFT-RMM-334,COVERAGE-DR-MFT-RMM-334,MFT,File,oolocker.exe,C:\Replay\oolocker.exe,True,
DR-MFT-RMM-189,COVERAGE-DR-MFT-RMM-189,MFT,File,tacticalrmm.exe,C:\Replay\tacticalrmm.exe,True,
DR-MFT-RMM-190,COVERAGE-DR-MFT-RMM-190,MFT,File,tailscale-.exe,C:\Replay\tailscale-.exe,True,
DR-MFT-RMM-191,COVERAGE-DR-MFT-RMM-191,MFT,File,TPowerShell.exe,C:\Replay\TPowerShell.exe,True,
DR-MFT-RMM-192,COVERAGE-DR-MFT-RMM-192,MFT,File,teamviewer_desktop.exe,C:\Replay\teamviewer_desktop.exe,True,
DR-MFT-RMM-194,COVERAGE-DR-MFT-RMM-194,MFT,File,pstlaunch.exe,C:\Replay\pstlaunch.exe,True,
DR-MFT-RMM-354,COVERAGE-DR-MFT-RMM-354,MFT,File,Teleport Connect Setup-.exe,C:\Replay\Teleport Connect Setup-.exe,True,
DR-MFT-RMM-336,COVERAGE-DR-MFT-RMM-336,MFT,File,tmagentsvc.exe,C:\Replay\tmagentsvc.exe,True,
DR-MFT-RMM-338,COVERAGE-DR-MFT-RMM-338,MFT,File,TiService.exe,C:\Replay\TiService.exe,True,
DR-MFT-RMM-195,COVERAGE-DR-MFT-RMM-195,MFT,File,tvnserver.exe,C:\Replay\tvnserver.exe,True,DR-MFT-RMM-196
DR-MFT-RMM-196,COVERAGE-DR-MFT-RMM-196,MFT,File,TightVNCViewerPortable.exe,C:\Replay\TightVNCViewerPortable.exe,True,
DR-MFT-RMM-197,COVERAGE-DR-MFT-RMM-197,MFT,File,ToDesk_Service.exe,C:\Replay\ToDesk_Service.exe,True,
DR-MFT-RMM-198,COVERAGE-DR-MFT-RMM-198,MFT,File,Tsdservice.exe,C:\Replay\Tsdservice.exe,True,
DR-MFT-RMM-340,COVERAGE-DR-MFT-RMM-340,MFT,File,TrustConnectAgent.exe,C:\Replay\TrustConnectAgent.exe,True,
DR-MFT-RMM-199,COVERAGE-DR-MFT-RMM-199,MFT,File,pcstarter.exe,C:\Replay\pcstarter.exe,True,
DR-MFT-RMM-201,COVERAGE-DR-MFT-RMM-201,MFT,File,UVNC_Launch.exe,C:\Replay\UVNC_Launch.exe,True,
DR-MFT-RMM-200,COVERAGE-DR-MFT-RMM-200,MFT,File,UltraViewer_Desktop.exe,C:\Replay\UltraViewer_Desktop.exe,True,
DR-MFT-RMM-342,COVERAGE-DR-MFT-RMM-342,MFT,File,veyon-master.exe,C:\Replay\veyon-master.exe,True,
DR-MFT-RMM-202,COVERAGE-DR-MFT-RMM-202,MFT,File,vncserver.exe,C:\Replay\vncserver.exe,True,
DR-MFT-RMM-203,COVERAGE-DR-MFT-RMM-203,MFT,File,webrdp.exe,C:\Replay\webrdp.exe,True,
DR-MFT-RMM-204,COVERAGE-DR-MFT-RMM-204,MFT,File,weezo setup.exe,C:\Replay\weezo setup.exe,True,
DR-MFT-RMM-205,COVERAGE-DR-MFT-RMM-205,MFT,File,WinSCP.exe,C:\Replay\WinSCP.exe,True,
DR-MFT-RMM-206,COVERAGE-DR-MFT-RMM-206,MFT,File,xeox-agent_.exe,C:\Replay\xeox-agent_.exe,True,
DR-MFT-RMM-208,COVERAGE-DR-MFT-RMM-208,MFT,File,Xpra-Launcher.exe,C:\Replay\Xpra-Launcher.exe,True,
DR-MFT-RMM-209,COVERAGE-DR-MFT-RMM-209,MFT,File,xShell.exe,C:\Replay\xShell.exe,True,
DR-MFT-RMM-210,COVERAGE-DR-MFT-RMM-210,MFT,File,YandexDisk2.exe,C:\Replay\YandexDisk2.exe,True,
DR-MFT-RMM-211,COVERAGE-DR-MFT-RMM-211,MFT,File,zabbix_agent.exe,C:\Replay\zabbix_agent.exe,True,
DR-MFT-RMM-212,COVERAGE-DR-MFT-RMM-212,MFT,File,zero-powershell.exe,C:\Replay\zero-powershell.exe,True,
DR-MFT-RMM-213,COVERAGE-DR-MFT-RMM-213,MFT,File,zoc.exe,C:\Replay\zoc.exe,True,
DR-MFT-RMM-214,COVERAGE-DR-MFT-RMM-214,MFT,File,ZA_Access.exe,C:\Replay\ZA_Access.exe,True,
DR-MFT-RMM-018,COVERAGE-DR-MFT-RMM-018,MFT,Directory,BarracudaRMM,C:\Replay\BarracudaRMM,True,
DR-MFT-RMM-035,COVERAGE-DR-MFT-RMM-035,MFT,Directory,CruzRMM,C:\Replay\CruzRMM,True,
DR-MFT-RMM-047,COVERAGE-DR-MFT-RMM-047,MFT,Directory,ElectricAi,C:\Replay\ElectricAi,True,
DR-MFT-RMM-049,COVERAGE-DR-MFT-RMM-049,MFT,Directory,Encapto,C:\Replay\Encapto,True,
DR-MFT-RMM-058,COVERAGE-DR-MFT-RMM-058,MFT,Directory,Fortra,C:\Replay\Fortra,True,
DR-MFT-RMM-065,COVERAGE-DR-MFT-RMM-065,MFT,File,GoToAssistService.exe,C:\Replay\GoToAssistService.exe,True,
DR-MFT-RMM-083,COVERAGE-DR-MFT-RMM-083,MFT,File,http0A0A0A00,C:\Replay\http0A0A0A00,True,
DR-MFT-RMM-099,COVERAGE-DR-MFT-RMM-099,MFT,File,quickassist.exe,C:\Replay\quickassist.exe,True,
DR-MFT-RMM-141,COVERAGE-DR-MFT-RMM-141,MFT,Directory,RealONE,C:\Replay\RealONE,True,
DR-MFT-RMM-143,COVERAGE-DR-MFT-RMM-143,MFT,Directory,RealVNC,C:\Replay\RealVNC,True,DR-MFT-RMM-216
DR-MFT-RMM-160,COVERAGE-DR-MFT-RMM-160,MFT,File,rsocx.exe,C:\Replay\rsocx.exe,True,
DR-MFT-RMM-162,COVERAGE-DR-MFT-RMM-162,MFT,Directory,RunSmart,C:\Replay\RunSmart,True,
DR-MFT-RMM-193,COVERAGE-DR-MFT-RMM-193,MFT,Directory,TechInline,C:\Replay\TechInline,True,
DR-MFT-RMM-207,COVERAGE-DR-MFT-RMM-207,MFT,Directory,XMReality,C:\Replay\XMReality,True,
DR-MFT-RMM-216,COVERAGE-DR-MFT-RMM-216,MFT,Directory,TigerVNC,C:\Replay\TigerVNC,True,
DR-MFT-RMM-217,COVERAGE-DR-MFT-RMM-217,MFT,Directory,Meraki Systems Manager Agent,C:\Replay\Meraki Systems Manager Agent,True,
DR-MFT-RMM-003,COVERAGE-DR-MFT-RMM-003,MFT,File,rpcsetup.exe,C:\Replay\rpcsetup.exe,True,
DR-MFT-RMM-005,COVERAGE-DR-MFT-RMM-005,MFT,File,action1_update.exe,C:\Replay\action1_update.exe,True,
DR-MFT-RMM-012,COVERAGE-DR-MFT-RMM-012,MFT,File,anydesk.exe,C:\Replay\anydesk.exe,True,
DR-MFT-RMM-014,COVERAGE-DR-MFT-RMM-014,MFT,File,AnyViewerSetup.exe,C:\Replay\AnyViewerSetup.exe,True,
DR-MFT-RMM-060,COVERAGE-DR-MFT-RMM-060,MFT,File,gp3.exe,C:\Replay\gp3.exe,True,
DR-MFT-RMM-085,COVERAGE-DR-MFT-RMM-085,MFT,File,agentmon.exe,C:\Replay\agentmon.exe,True,
DR-MFT-RMM-091,COVERAGE-DR-MFT-RMM-091,MFT,File,level-windows-amd64.exe,C:\Replay\level-windows-amd64.exe,True,DR-MFT-RMM-276
DR-MFT-RMM-157,COVERAGE-DR-MFT-RMM-157,MFT,File,RoyalServerInstaller_.msi,C:\Replay\RoyalServerInstaller_.msi,True,
DR-MFT-RMM-098,COVERAGE-DR-MFT-RMM-098,Amcache,File,quickassist.exe,C:\Replay\quickassist.exe,True,
DR-MFT-RMM-142,COVERAGE-DR-MFT-RMM-142,MFT,File,VNC-Connect-Installer-.exe,C:\Replay\VNC-Connect-Installer-.exe,True,
DR-MFT-RMM-218,COVERAGE-DR-MFT-RMM-218,MFT,File,komari,C:\Replay\komari,True,
DR-MFT-RMM-287,COVERAGE-DR-MFT-RMM-287,MFT,File,amon.exe,C:\Replay\amon.exe,True,
DR-MFT-RMM-350,COVERAGE-DR-MFT-RMM-350,MFT,File,agent.exe,C:\Program Files\Monitic\agent.exe,True,
DR-MFT-RMM-292,COVERAGE-DR-MFT-RMM-292,MFT,File,nmep_agtconfig.exe,C:\Replay\nmep_agtconfig.exe,True,
DR-MFT-RMM-351,COVERAGE-DR-MFT-RMM-351,MFT,File,winpty-agent.exe,C:\Program Files\Net Monitor for Employees Pro\winpty-agent.exe,True,
DR-MFT-RMM-324,COVERAGE-DR-MFT-RMM-324,MFT,File,RemSupp.exe,C:\Replay\RemSupp.exe,True,
DR-MFT-RMM-352,COVERAGE-DR-MFT-RMM-352,MFT,File,installer.exe,C:\Users\A\AppData\Local\remsupp-updater\installer.exe,True,
